<?xml version="1.0" encoding="UTF-8"?>
<beans xmlns="http://www.springframework.org/schema/beans"
	xmlns:xsi="http://www.w3.org/2001/XMLSchema-instance"
	xmlns:context="http://www.springframework.org/schema/context"
	xsi:schemaLocation="
		http://www.springframework.org/schema/beans
		http://www.springframework.org/schema/beans/spring-beans-3.1.xsd
		http://www.springframework.org/schema/context
		http://www.springframework.org/schema/context/spring-context-3.1.xsd
">
 	
 	<bean id = "beanCliente" class="com.ditribuida.entities.Cliente"></bean>
 	
 	<bean id = "beanCliente2" class="com.ditribuida.entities.Cliente"></bean>
 	
 	<bean id = "beanCliente3" class="com.ditribuida.entities.Cliente"></bean>
 	
 	<bean id = "beanProducto" class="com.ditribuida.entities.Producto"></bean>
 	 
 	<bean id = "beanProducto2" class="com.ditribuida.entities.Producto"></bean>
 	
 	<bean id = "beanProducto3" class="com.ditribuida.entities.Producto"></bean>
 	
 	<bean id = "beanProducto4" class="com.ditribuida.entities.Producto"></bean>
 	
 	<bean id = "beanProducto5" class="com.ditribuida.entities.Producto"></bean>
 	
 	<bean id = "beanFactura" class="com.ditribuida.entities.Factura">
 		<constructor-arg ref="beanCliente"></constructor-arg>
 	</bean>
 	
 	<bean id = "beanFactura2" class="com.ditribuida.entities.Factura">
 		<constructor-arg ref="beanCliente2"></constructor-arg>
 	</bean>
 	
 	<bean id= "beanFacturaDetalle" class="com.ditribuida.entities.FacturaDetalle">
 		<property name = "producto" ref="beanProducto"></property>
 		<property name="factura" ref="beanFactura"></property>
 	</bean>
 	
</beans>